indexA,indexB,text_a,text_b,distance_m,true_label,pred_label,generated_text,error_type
37694,4080,"Haven Hotel, 6 8 Sussex Gardens London, Westminster, W21UL","Shaftesbury Metropolis London Hyde Park, 78-84, Sussex Gardens",346.4236726845659,0,1,MATCH,False Positive
6076,6335,"Brooklands Over 50's Only, 28/30 King Edward Avenue Blackpool, North West, FY29TA","The Woodleigh Over 50's B & B, 32 King Edward Ave, Blackpool, North West, FY29TA",7.360952930638961,0,1,MATCH,False Positive
6076,2327,"Brooklands Over 50's Only, 28/30 King Edward Avenue Blackpool, North West, FY29TA","King Edward Hotel, 44, King Edward Avenue, Blackpool, , United Kingdom, North West, FY29TA",47.458556995668765,0,1,MATCH,False Positive
6076,2313,"Brooklands Over 50's Only, 28/30 King Edward Avenue Blackpool, North West, FY29TA","The Penryn, 38, King Edward Avenue, Blackpool, , United Kingdom, North West, FY29TA",193.7506588928852,0,1,MATCH,False Positive
6076,2324,"Brooklands Over 50's Only, 28/30 King Edward Avenue Blackpool, North West, FY29TA","The Berwick, King Edward Avenue, Blackpool, , United Kingdom, North West, FY29TA",34.590980357604394,0,1,MATCH,False Positive
6076,2325,"Brooklands Over 50's Only, 28/30 King Edward Avenue Blackpool, North West, FY29TA","Sunnymede Private Hotel, 50, King Edward Avenue, Blackpool, , United Kingdom, North West, FY29TA",37.34737135474159,0,1,MATCH,False Positive
6076,2332,"Brooklands Over 50's Only, 28/30 King Edward Avenue Blackpool, North West, FY29TA","Woodleigh Hotel, 32, King Edward Avenue, Blackpool, , United Kingdom, North West, FY29TA",7.23518976643815,0,1,MATCH,False Positive
5608,5686,"Smart Hotel Guest house, 1A King Edward Avenue Blackpool, North West, FY29TD","The Alpha Guest Accommodation, King Edward Avenue, 9 BLACKPOOL, North West, FY29TD",39.16254340612275,0,1,MATCH,False Positive
5608,33280,"Smart Hotel Guest house, 1A King Edward Avenue Blackpool, North West, FY29TD","The Alpha Guest Accommodation, King Edward Avenue, 9 BLACKPOOL, North West, FY29TD",39.16254340612275,0,1,MATCH,False Positive
5608,2292,"Smart Hotel Guest house, 1A King Edward Avenue Blackpool, North West, FY29TD","The Pembroke, 11, King Edward Avenue, Blackpool, , United Kingdom, North West, FY29TD",57.3669691326837,0,1,MATCH,False Positive
5608,2293,"Smart Hotel Guest house, 1A King Edward Avenue Blackpool, North West, FY29TD","The Alpha, 9, King Edward Avenue, Blackpool, , United Kingdom, North West, FY29TD",74.35426521807759,0,1,MATCH,False Positive
5541,33939,"The Elmora Hotel, Albert Road, 49 BLACKPOOL, North West, FY14TA","The Aspire, 51 Albert Road Blackpool, North West, FY14TA",64.69318070685702,0,1,MATCH,False Positive
5541,6208,"The Elmora Hotel, Albert Road, 49 BLACKPOOL, North West, FY14TA","The Aspire, 51 Albert Road Blackpool, North West, FY14TA",64.69318070685702,0,1,MATCH,False Positive
33658,6067,"Sweet Afton Hotel, 111 Albert road  Blackpool, North West, FY14PW","Albert Hotel, 117 Albert Road Blackpool, North West, FY14PW",15.916140894216532,0,1,MATCH,False Positive
33658,33750,"Sweet Afton Hotel, 111 Albert road  Blackpool, North West, FY14PW","Albert Hotel, 117 Albert Road Blackpool, North West, FY14PW",15.916140894216532,0,1,MATCH,False Positive
33658,33729,"Sweet Afton Hotel, 111 Albert road  Blackpool, North West, FY14PW","The Montclair, 95 Albert Road Blackpool, North West, FY14PW",62.446506083652295,0,1,MATCH,False Positive
33658,6048,"Sweet Afton Hotel, 111 Albert road  Blackpool, North West, FY14PW","The Montclair, 95 Albert Road Blackpool, North West, FY14PW",62.446506083652295,0,1,MATCH,False Positive
33658,2455,"Sweet Afton Hotel, 111 Albert road  Blackpool, North West, FY14PW","Albert Hotel, 117, Albert Road, Blackpool, , United Kingdom, North West, FY14PW",4.6892940378472385,0,1,MATCH,False Positive
33658,2452,"Sweet Afton Hotel, 111 Albert road  Blackpool, North West, FY14PW","The Belvedere, 91-93, Albert Road, Blackpool, , United Kingdom, North West, FY14PW",66.49422378670872,0,1,MATCH,False Positive
33658,2451,"Sweet Afton Hotel, 111 Albert road  Blackpool, North West, FY14PW","The Albany, 89, Albert Road, Blackpool, , United Kingdom, North West, FY14PW",85.71021872781162,0,1,MATCH,False Positive
33449,2410,"The Georgian Hollies Hotel, 82/90 Albert Road Blackpool, North West, FY14PR","The Georgian Hotel, 82-86, Albert Road, Blackpool, , United Kingdom, North West, FY14PR",15.87115805975985,0,1,MATCH,False Positive
33449,2409,"The Georgian Hollies Hotel, 82/90 Albert Road Blackpool, North West, FY14PR","The Hollies, 88-90, Albert Road, Blackpool, , United Kingdom, North West, FY14PR",24.884594657846982,0,1,MATCH,False Positive
36550,9662,"Seaclyffe Hotel, 11 Church Walks Llandudno Conwy, LL302HG","The Llandudno Hotel, 10, Church Walks, Llandudno, , GB, Conwy, LL302HG",14.520202204101539,0,1,MATCH,False Positive
7005,6080,"The Chocolate Boutique Hotel, 5 Durley Road BournemouthDorset, Bournemouth, Christchurch and Poole, South West, BH25JQ","No. 5, 5, Durley Road, Bournemouth, Christchurch and Poole, South West, BH25JQ",106.39501461841247,0,1,MATCH,False Positive
37369,4675,"Arbor Hyde Park, 36 37 Lancaster Gate Bayswater London, Westminster, W23NA","Signature Townhouse Hyde Park, 36, Lancaster Gate",18.927144837897483,0,1,MATCH,False Positive
5869,2426,"Springfield Hotel, 35 Charnley Road  Blackpool, North West, FY14PE","The Lismain Hotel, 3, Charnley Road, Blackpool, , United Kingdom, North West, FY14PE",205.46215273837817,0,1,MATCH,False Positive
6146,2431,"The Darfield Hotel, 54 Charnley Road Blackpool, North West, FY14PF","The Victoria, 30, Charnley Road, Blackpool, , United Kingdom, North West, FY14PF",107.1016062458195,0,1,MATCH,False Positive
6146,2440,"The Darfield Hotel, 54 Charnley Road Blackpool, North West, FY14PF","The Pearl Hotel, 52, Charnley Road, Blackpool, , United Kingdom, North West, FY14PF",21.591231241860807,0,1,MATCH,False Positive
6146,2442,"The Darfield Hotel, 54 Charnley Road Blackpool, North West, FY14PF","Clifton Hotel, 56, Charnley Road, Blackpool, , United Kingdom, North West, FY14PF",7.568171570225751,0,1,MATCH,False Positive
5852,6490,"Craig y Don, 211-213 Central Promenade Blackpool, North West, FY15DL","Craig-y-Don Hotel, 209-213, Promenade, Blackpool, North West, FY15DL",35.34786192488462,0,1,MATCH,False Positive
6067,33750,"Albert Hotel, 117 Albert Road Blackpool, North West, FY14PW","Albert Hotel, 117 Albert Road Blackpool, North West, FY14PW",0.0,0,1,MATCH,False Positive
6067,2451,"Albert Hotel, 117 Albert Road Blackpool, North West, FY14PW","The Albany, 89, Albert Road, Blackpool, , United Kingdom, North West, FY14PW",99.35888261025833,0,1,MATCH,False Positive
6026,2502,"The Cowley Hotel, 241 Promenade BlackpoolLancashire, North West, FY16AH","Crystals On The Prom, 263, Promenade, Blackpool, , GB, North West, FY16AH",84.99302434594422,0,1,MATCH,False Positive
6201,33248,"King Edward Hotel, 44 King Edward Avenue Blackpool, North West, FY29TA","Number 42, King Edward Ave Blackpool, North West, FY29TA",16.230768341061484,0,1,MATCH,False Positive
6201,5654,"King Edward Hotel, 44 King Edward Avenue Blackpool, North West, FY29TA","Number 42, King Edward Ave Blackpool, North West, FY29TA",16.230768341061484,0,1,MATCH,False Positive
6201,2331,"King Edward Hotel, 44 King Edward Avenue Blackpool, North West, FY29TA","Kings Court Hotel, 34, King Edward Avenue, Blackpool, , United Kingdom, North West, FY29TA",15.070772634212398,0,1,MATCH,False Positive
6201,2333,"King Edward Hotel, 44 King Edward Avenue Blackpool, North West, FY29TA","Brooklands Hotel, 28-30, King Edward Avenue, Blackpool, , United Kingdom, North West, FY29TA",31.07669757682725,1,0,NO_MATCH,False Negative
6201,2324,"King Edward Hotel, 44 King Edward Avenue Blackpool, North West, FY29TA","The Berwick, King Edward Avenue, Blackpool, , United Kingdom, North West, FY29TA",37.71736730208272,0,1,MATCH,False Positive
8329,8384,"Old Regency Bakery, 50 Regency Square Brighton, Brighton and Hove, South East, BN12FJ","Apartment In Brighton With Sea View, Regency Square, Brighton and Hove, South East, BN12FJ",11.70760055975301,0,1,MATCH,False Positive
8270,8278,"The Square Hotel, 4 New Steine Brighton, Brighton and Hove, South East, BN21PB","Hamptons Brighton, 3 New Steine BrightonEast Sussex, Brighton and Hove, South East, BN21PB",17.046011967721768,0,1,MATCH,False Positive
8270,5372,"The Square Hotel, 4 New Steine Brighton, Brighton and Hove, South East, BN21PB","New Steine, 10-11, New Steine, Brighton and Hove, South East, BN21PB",53.46897593039554,0,1,MATCH,False Positive
33920,6191,"Montgomery Hotel, 14 Hornby Road Blackpool, North West, FY14QG","Montgomery Hotel, 14 Hornby Road Blackpool, North West, FY14QG",0.0,0,1,MATCH,False Positive
37751,11255,"Seymour Hotel, 106 Sussex Gardens Hyde ParkLondon, Westminster, W21UH","The Darlington Hyde Park, 111-117, Sussex Gardens, London",92.36461185569243,0,1,MATCH,False Positive
37751,4949,"Seymour Hotel, 106 Sussex Gardens Hyde ParkLondon, Westminster, W21UH","OYO London 24 Sussex, 24, Sussex Gardens, London, Westminster, W21UL",277.1078411692355,0,1,MATCH,False Positive
37593,4085,"Days Inn Hyde Park, 148-152 Sussex Gardens London, Westminster, W21UD","Days Inn London Hyde Park, 148-152, Sussex Gardens, London, Westminster, W21UD",18.034454947327966,0,1,MATCH,False Positive
65847,46838,"Aald Northville, 23 South Parade Whitley BayTyne and Wear, North Tyneside, North East, NE262RE","The Avalon Guest House, 26 South Parade Whitley BayTyne and Wear, North Tyneside, North East, NE262RE",37.09113259576172,0,1,MATCH,False Positive
65851,2608,"The Windsor Hotel, South Parade Whitley BayTyne and Wear, North Tyneside, North East, NE262RF","Aald Northville Hotel, South Parade, Whitley Bay, , United Kingdom, North Tyneside, North East, NE262RE",89.45775278572484,0,1,MATCH,False Positive
33380,2435,"Bramlea Hotel, 36 Charnley Road Blackpool Lancashire, North West, FY14PF","Charnley Gold, 38, Charnley Road, Blackpool, , United Kingdom, North West, FY14PF",26.484131447628705,0,1,MATCH,False Positive
33380,2431,"Bramlea Hotel, 36 Charnley Road Blackpool Lancashire, North West, FY14PF","The Victoria, 30, Charnley Road, Blackpool, , United Kingdom, North West, FY14PF",80.90814750451393,0,1,MATCH,False Positive
33380,2440,"Bramlea Hotel, 36 Charnley Road Blackpool Lancashire, North West, FY14PF","The Pearl Hotel, 52, Charnley Road, Blackpool, , United Kingdom, North West, FY14PF",14.873536082368343,0,1,MATCH,False Positive
33380,2433,"Bramlea Hotel, 36 Charnley Road Blackpool Lancashire, North West, FY14PF","The Blackpool Central Hotel, 34, Charnley Road, Blackpool, , United Kingdom, North West, FY14PF",37.8018742365538,0,1,MATCH,False Positive
37384,37620,"Huttons Hotel, 53 To 57 Belgrave Rd Victoria  London, Westminster, SW1V2BB","Comfort Inn London Westminster, 39 Belgrave Road Victoria London, Westminster, SW1V2BB",64.1387540405156,0,1,MATCH,False Positive
36609,9289,"The Llandudno hotel, 10 Church Walks Llandudno Conwy, LL302HG","Chelsea Hotel, 67, Church Walks, Llandudno, , GB, Conwy, LL302HG",44.393093821661914,0,1,MATCH,False Positive
56892,10244,"Greystones, 10 South Parade Lincs SkegnessLincolnshire, East Lindsey, East Midlands, PE253HW","The Palm Court Hotel, 74, South Parade, Skegness, , GB, East Lindsey, East Midlands, PE253HP",76.46170512578372,0,1,MATCH,False Positive
37260,11255,"Rhodes Hotel, 195 Sussex Gardens London Hyde Park, Westminster, W22RJ","The Darlington Hyde Park, 111-117, Sussex Gardens, London",289.74028483427526,0,1,MATCH,False Positive
33786,2455,"The Belvedere, 91-93 Albert Road  Blackpool, North West, FY14PW","Albert Hotel, 117, Albert Road, Blackpool, , United Kingdom, North West, FY14PW",41.15172117163626,0,1,MATCH,False Positive
33786,2445,"The Belvedere, 91-93 Albert Road  Blackpool, North West, FY14PW","Royal Ruskin Hotel, Albert Road, Blackpool, , United Kingdom, North West, FY14PW",73.91150848848355,0,1,MATCH,False Positive
33786,2450,"The Belvedere, 91-93 Albert Road  Blackpool, North West, FY14PW","The Oak Lea Hotel, 83-87, Albert Road, Blackpool, , United Kingdom, North West, FY14PW",55.48810608705369,0,1,MATCH,False Positive
33750,2451,"Albert Hotel, 117 Albert Road Blackpool, North West, FY14PW","The Albany, 89, Albert Road, Blackpool, , United Kingdom, North West, FY14PW",99.35888261025833,0,1,MATCH,False Positive
36215,35903,"Richmond Apart Hotel, 24A Hatton Gardens, Liverpool, North West, L32AA","The Richmond Hotel, BW Signature Collection, Liverpool, 24 Hatton Garden LiverpoolMerseysideEngland, L32AN",0.0,0,1,MATCH,False Positive
37414,780,"Grange Buckingham Hotel, 39-40 Bedford Place London, Camden, WC1B5JT","The Buckingham, 39, Bedford Place, London, , GB, Camden, WC1B5JU",22.471101661707067,0,1,MATCH,False Positive
5675,2293,"The Grosvenor View Guest house, King Edward Avenue, 7 BLACKPOOL, North West, FY29TD","The Alpha, 9, King Edward Avenue, Blackpool, , United Kingdom, North West, FY29TD",45.556988550735625,0,1,MATCH,False Positive
33248,34026,"Number 42, King Edward Ave Blackpool, North West, FY29TA","Fairmont Hotel, 40 King Edward Avenue Blackpool, North West, FY29TA",11.300734051691038,0,1,MATCH,False Positive
33248,2331,"Number 42, King Edward Ave Blackpool, North West, FY29TA","Kings Court Hotel, 34, King Edward Avenue, Blackpool, , United Kingdom, North West, FY29TA",12.302169769723719,0,1,MATCH,False Positive
33248,2329,"Number 42, King Edward Ave Blackpool, North West, FY29TA","Fairmont Hotel, 40, King Edward Avenue, Blackpool, , United Kingdom, North West, FY29TA",8.80728317232123,0,1,MATCH,False Positive
33248,2333,"Number 42, King Edward Ave Blackpool, North West, FY29TA","Brooklands Hotel, 28-30, King Edward Avenue, Blackpool, , United Kingdom, North West, FY29TA",27.055284332263412,0,1,MATCH,False Positive
33248,2327,"Number 42, King Edward Ave Blackpool, North West, FY29TA","King Edward Hotel, 44, King Edward Avenue, Blackpool, , United Kingdom, North West, FY29TA",22.202844733258946,0,1,MATCH,False Positive
33248,2313,"Number 42, King Edward Ave Blackpool, North West, FY29TA","The Penryn, 38, King Edward Avenue, Blackpool, , United Kingdom, North West, FY29TA",196.45022485298145,0,1,MATCH,False Positive
33248,2324,"Number 42, King Edward Ave Blackpool, North West, FY29TA","The Berwick, King Edward Avenue, Blackpool, , United Kingdom, North West, FY29TA",46.29815456215906,0,1,MATCH,False Positive
33248,2326,"Number 42, King Edward Ave Blackpool, North West, FY29TA","Beauchief Hotel, 48, King Edward Avenue, Blackpool, , United Kingdom, North West, FY29TA",36.32857997507343,0,1,MATCH,False Positive
33248,2325,"Number 42, King Edward Ave Blackpool, North West, FY29TA","Sunnymede Private Hotel, 50, King Edward Avenue, Blackpool, , United Kingdom, North West, FY29TA",36.31270677532401,0,1,MATCH,False Positive
33248,2332,"Number 42, King Edward Ave Blackpool, North West, FY29TA","Woodleigh Hotel, 32, King Edward Avenue, Blackpool, , United Kingdom, North West, FY29TA",22.975025093246252,0,1,MATCH,False Positive
33524,2426,"Springfield Hotel, 35 Charnley Road  Blackpool, North West, FY14PE","The Lismain Hotel, 3, Charnley Road, Blackpool, , United Kingdom, North West, FY14PE",205.46215273837817,0,1,MATCH,False Positive
20147,6454,"Hillside Hotel Dunbar, 3 Queens Road Dunbar, East Lothian, EH421LA","Hillside Hotel, 3, Queen's Road, Dunbar, East Lothian, EH421RB",2.0756568692414903,1,0,NO_MATCH,False Negative
37132,4091,"Royal Cambridge Hotel, 124-126 Sussex Gardens London, Westminster, W21UB","Royal Cambridge Hotel, 124-126, Sussex Gardens, London",15.056627578292929,0,1,MATCH,False Positive
5993,33729,"Sweet Afton Hotel, 111 Albert road  Blackpool, North West, FY14PW","The Montclair, 95 Albert Road Blackpool, North West, FY14PW",62.446506083652295,0,1,MATCH,False Positive
5993,6048,"Sweet Afton Hotel, 111 Albert road  Blackpool, North West, FY14PW","The Montclair, 95 Albert Road Blackpool, North West, FY14PW",62.446506083652295,0,1,MATCH,False Positive
5993,2455,"Sweet Afton Hotel, 111 Albert road  Blackpool, North West, FY14PW","Albert Hotel, 117, Albert Road, Blackpool, , United Kingdom, North West, FY14PW",4.6892940378472385,0,1,MATCH,False Positive
5993,2452,"Sweet Afton Hotel, 111 Albert road  Blackpool, North West, FY14PW","The Belvedere, 91-93, Albert Road, Blackpool, , United Kingdom, North West, FY14PW",66.49422378670872,0,1,MATCH,False Positive
5993,2451,"Sweet Afton Hotel, 111 Albert road  Blackpool, North West, FY14PW","The Albany, 89, Albert Road, Blackpool, , United Kingdom, North West, FY14PW",85.71021872781162,0,1,MATCH,False Positive
37456,4074,"Belmont & Astoria Hotel, 100 & 104 Sussex Gardens PaddingtonLondonGreater London, Westminster, W21UH","Astoria Hotel, 100, Sussex Gardens",26.88722990979337,0,1,MATCH,False Positive
33729,2455,"The Montclair, 95 Albert Road Blackpool, North West, FY14PW","Albert Hotel, 117, Albert Road, Blackpool, , United Kingdom, North West, FY14PW",60.26230803022369,0,1,MATCH,False Positive
33729,2453,"The Montclair, 95 Albert Road Blackpool, North West, FY14PW","Fairview Hotel, 113, Albert Road, Blackpool, , United Kingdom, North West, FY14PW",10.265312185077171,0,1,MATCH,False Positive
33729,2445,"The Montclair, 95 Albert Road Blackpool, North West, FY14PW","Royal Ruskin Hotel, Albert Road, Blackpool, , United Kingdom, North West, FY14PW",77.7107607710084,0,1,MATCH,False Positive
6078,34190,"Beachcliffe Holiday Apartments, 3 King Edward Avenue Blackpool, North West, FY29TD","Twelve Apartments, 12 King Edward Avenue, Blackpool, North West, FY29TD",33.999064531487356,0,1,MATCH,False Positive
6078,6337,"Beachcliffe Holiday Apartments, 3 King Edward Avenue Blackpool, North West, FY29TD","Twelve Apartments, 12 King Edward Avenue, Blackpool, North West, FY29TD",33.999064531487356,0,1,MATCH,False Positive
6078,2292,"Beachcliffe Holiday Apartments, 3 King Edward Avenue Blackpool, North West, FY29TD","The Pembroke, 11, King Edward Avenue, Blackpool, , United Kingdom, North West, FY29TD",73.49852822982851,0,1,MATCH,False Positive
6078,2293,"Beachcliffe Holiday Apartments, 3 King Edward Avenue Blackpool, North West, FY29TD","The Alpha, 9, King Edward Avenue, Blackpool, , United Kingdom, North West, FY29TD",80.84116212628014,0,1,MATCH,False Positive
6158,10826,"Ivanhoe Hotel, 13 Vance Road Blackpool, North West, FY14QD","Stonehouse Hotel, 26-28, Vance Road, Blackpool, North West, FY14QD",73.27840936359722,1,0,NO_MATCH,False Negative
33766,34190,"Beachcliffe Holiday Apartments, 3 King Edward Avenue Blackpool, North West, FY29TD","Twelve Apartments, 12 King Edward Avenue, Blackpool, North West, FY29TD",33.999064531487356,0,1,MATCH,False Positive
33766,6337,"Beachcliffe Holiday Apartments, 3 King Edward Avenue Blackpool, North West, FY29TD","Twelve Apartments, 12 King Edward Avenue, Blackpool, North West, FY29TD",33.999064531487356,0,1,MATCH,False Positive
33766,2292,"Beachcliffe Holiday Apartments, 3 King Edward Avenue Blackpool, North West, FY29TD","The Pembroke, 11, King Edward Avenue, Blackpool, , United Kingdom, North West, FY29TD",73.49852822982851,0,1,MATCH,False Positive
33766,2293,"Beachcliffe Holiday Apartments, 3 King Edward Avenue Blackpool, North West, FY29TD","The Alpha, 9, King Edward Avenue, Blackpool, , United Kingdom, North West, FY29TD",80.84116212628014,0,1,MATCH,False Positive
37493,6412,"Avon Hotel, 50 Norfolk Square Hyde ParkLondon, Westminster, W21RT","Hyde Park Court Hotel, 48, Norfolk Square, London, GB",26.702471105772613,0,1,MATCH,False Positive
644,6963,"Marine Studios, 46 Marine Terrace, Ceredigion, SY232BX","Richmond Hotel, 44-45, Marine Terrace, Ceredigion, SY232BX",9.10567832765151,1,0,NO_MATCH,False Negative
36631,1833,"Min y Don Guesthouse, North Parade Llandudno, GwyneddConwy, LL302LP","The Baytree Hotel, 6-9, North Parade, Llandudno, , GB, Conwy, LL302LP",126.07828196648089,0,1,MATCH,False Positive
36631,7297,"Min y Don Guesthouse, North Parade Llandudno, GwyneddConwy, LL302LP","The Wildings Hotel, 14, North Parade, Llandudno, , GB, Conwy, LL302LP",71.473610040042,0,1,MATCH,False Positive
36631,7285,"Min y Don Guesthouse, North Parade Llandudno, GwyneddConwy, LL302LP","St Tudno, 14, North Parade, Llandudno, , GB, Conwy, LL302LP",62.837288314644695,0,1,MATCH,False Positive
37269,4949,"London Hotel Paddington, 32 Sussex Gardens Westminster BoroughLondon, W21UL","OYO London 24 Sussex, 24, Sussex Gardens, London, Westminster, W21UL",61.15510824609056,0,1,MATCH,False Positive
36628,2872,"Hydro Hotel, Neville Crescent Llandudno, Conwy, LL301AT","Swn Y Mor Hotel, 5, Nevill Crescent, Llandudno, , GB, Conwy, LL301AT",69.95455991719548,0,1,MATCH,False Positive
6071,2434,"The Florida Hotel, 32 Charnley Road Blackpool, North West, FY14PF","The Bramlea, 36, Charnley Road, Blackpool, , United Kingdom, North West, FY14PF",10.18691631767162,1,0,NO_MATCH,False Negative
6071,2435,"The Florida Hotel, 32 Charnley Road Blackpool, North West, FY14PF","Charnley Gold, 38, Charnley Road, Blackpool, , United Kingdom, North West, FY14PF",12.418602602094522,0,1,MATCH,False Positive
6071,2431,"The Florida Hotel, 32 Charnley Road Blackpool, North West, FY14PF","The Victoria, 30, Charnley Road, Blackpool, , United Kingdom, North West, FY14PF",43.60199053973325,0,1,MATCH,False Positive
6071,2433,"The Florida Hotel, 32 Charnley Road Blackpool, North West, FY14PF","The Blackpool Central Hotel, 34, Charnley Road, Blackpool, , United Kingdom, North West, FY14PF",10.806517993761679,0,1,MATCH,False Positive
36632,7285,"Wildings Hotel, 14 North Parade Llandudno, Conwy, LL302LP","St Tudno, 14, North Parade, Llandudno, , GB, Conwy, LL302LP",26.10788961291444,0,1,MATCH,False Positive
5686,2327,"The Alpha Guest Accommodation, King Edward Avenue, 9 BLACKPOOL, North West, FY29TD","King Edward Hotel, 44, King Edward Avenue, Blackpool, , United Kingdom, North West, FY29TA",143.92899293752816,0,1,MATCH,False Positive
5686,2294,"The Alpha Guest Accommodation, King Edward Avenue, 9 BLACKPOOL, North West, FY29TD","Grosvenor View, 7, King Edward Avenue, Blackpool, , United Kingdom, North West, FY29TD",7.855607618290662,0,1,MATCH,False Positive
8246,8275,"Hotel Una, 55/56 Regency Square Brighton, Brighton and Hove, South East, BN12FF","The Queensbury Hotel, 58 Regency Square Brighton, Brighton and Hove, South East, BN12FF",21.640482556401825,0,1,MATCH,False Positive
8246,5369,"Hotel Una, 55/56 Regency Square Brighton, Brighton and Hove, South East, BN12FF","Adelaide House, 51, Regency Square, Brighton, , GB, Brighton and Hove, South East, BN12FF",19.998085208093265,0,1,MATCH,False Positive
33269,2293,"The Grosvenor View Guest house, King Edward Avenue, 7 BLACKPOOL, North West, FY29TD","The Alpha, 9, King Edward Avenue, Blackpool, , United Kingdom, North West, FY29TD",45.556988550735625,0,1,MATCH,False Positive
24874,24781,"The Trotwood Guest House, North Drive, Great Yarmouth, East of England, NR301ED","The Sea Princess, 6-7 North Drive  Great YarmouthNorfolk, East of England, NR301ED",28.252041966651117,0,1,MATCH,False Positive
37165,4089,"The Nayland, 132-134 Sussex Gardens London, Westminster, W21UB","Nayland Hotel, 132-134, Sussex Gardens, London",57.40040530243453,0,1,MATCH,False Positive
5654,34026,"Number 42, King Edward Ave Blackpool, North West, FY29TA","Fairmont Hotel, 40 King Edward Avenue Blackpool, North West, FY29TA",11.300734051691038,0,1,MATCH,False Positive
5654,2331,"Number 42, King Edward Ave Blackpool, North West, FY29TA","Kings Court Hotel, 34, King Edward Avenue, Blackpool, , United Kingdom, North West, FY29TA",12.302169769723719,0,1,MATCH,False Positive
5654,2329,"Number 42, King Edward Ave Blackpool, North West, FY29TA","Fairmont Hotel, 40, King Edward Avenue, Blackpool, , United Kingdom, North West, FY29TA",8.80728317232123,0,1,MATCH,False Positive
5654,2333,"Number 42, King Edward Ave Blackpool, North West, FY29TA","Brooklands Hotel, 28-30, King Edward Avenue, Blackpool, , United Kingdom, North West, FY29TA",27.055284332263412,0,1,MATCH,False Positive
5654,2313,"Number 42, King Edward Ave Blackpool, North West, FY29TA","The Penryn, 38, King Edward Avenue, Blackpool, , United Kingdom, North West, FY29TA",196.45022485298145,0,1,MATCH,False Positive
5654,2324,"Number 42, King Edward Ave Blackpool, North West, FY29TA","The Berwick, King Edward Avenue, Blackpool, , United Kingdom, North West, FY29TA",46.29815456215906,0,1,MATCH,False Positive
5654,2326,"Number 42, King Edward Ave Blackpool, North West, FY29TA","Beauchief Hotel, 48, King Edward Avenue, Blackpool, , United Kingdom, North West, FY29TA",36.32857997507343,0,1,MATCH,False Positive
5654,2325,"Number 42, King Edward Ave Blackpool, North West, FY29TA","Sunnymede Private Hotel, 50, King Edward Avenue, Blackpool, , United Kingdom, North West, FY29TA",36.31270677532401,0,1,MATCH,False Positive
5654,2332,"Number 42, King Edward Ave Blackpool, North West, FY29TA","Woodleigh Hotel, 32, King Edward Avenue, Blackpool, , United Kingdom, North West, FY29TA",22.975025093246252,0,1,MATCH,False Positive
36669,1833,"Lawton Court Hotel, 11-13 North Parade Llandudno, Conwy, LL302LP","The Baytree Hotel, 6-9, North Parade, Llandudno, , GB, Conwy, LL302LP",45.292610819072785,0,1,MATCH,False Positive
36669,7285,"Lawton Court Hotel, 11-13 North Parade Llandudno, Conwy, LL302LP","St Tudno, 14, North Parade, Llandudno, , GB, Conwy, LL302LP",31.2397661296851,0,1,MATCH,False Positive
33980,2398,"Sea Dreams Hotel, 2-4 Clifton Drive Blackpool, North West, FY41ND","The Albany, 2-4, Clifton Drive, Blackpool, , United Kingdom, North West, FY41ND",280.28886145724385,0,1,MATCH,False Positive
8800,8585,"Apartment in Prime Clifton Location, St Paul's Rd, Bristol, City of, South West, BS81LR","The Westbourne, 40-44 St Pauls Rd CliftonBristol, Bristol, City of, South West, BS81LR",107.79362327873822,0,1,MATCH,False Positive
33614,2327,"Kings Court, 34 King Edward Avenue Blackpool, North West, FY29TA","King Edward Hotel, 44, King Edward Avenue, Blackpool, , United Kingdom, North West, FY29TA",46.060185273955895,0,1,MATCH,False Positive
33953,6251,"Four Rooms Blackpool B&B, 60 Reads Avenue Blackpool, North West, FY14DE","Avenue Guest House, 56 Reads Avenue Blackpool, North West, FY14DE",16.396703484204238,0,1,MATCH,False Positive
33953,33992,"Four Rooms Blackpool B&B, 60 Reads Avenue Blackpool, North West, FY14DE","Avenue Guest House, 56 Reads Avenue Blackpool, North West, FY14DE",16.396703484204238,0,1,MATCH,False Positive
35049,35055,"Stylish Penthouse Suite, 8 25 Western Harbour Midway Leith, City of Edinburgh, EH66PT","Stylish Garden View Apartment, 8 9 Western Harbour Midway Leith, City of Edinburgh, EH66PT",24.11151083012278,1,0,NO_MATCH,False Negative
46902,4784,"Premier Inn Newcastle Gosforth Cramlington, Moor Farm Roundabout Off Front Street Annitsford  Cramlington Tyne & Wear Off Front StreetMoorfarm Industrial EstateNewcastle upon Tyne, Northumberland, North East, NE237QA","Premier Inn, Cramlington, Northumberland, North East, NE237QA",51.941770113508184,1,0,NO_MATCH,False Negative
36683,9292,"Arvon House, 18 Arvon Avenue Llandudno, Conwy, LL302DY","Craig-Ard Hotel, 3, Arvon Avenue, Llandudno, , GB, Conwy, LL302DY",75.35177875023953,0,1,MATCH,False Positive
8371,3317,"Brighton Rock Apartment, 49 Upper Rock Gardens Flat 2, Brighton and Hove, South East, BN21QF","Upper Rock Rooms, 36, Upper Rock Gardens, Brighton, , GB, Brighton and Hove, South East, BN21QF",270.1024654606534,0,1,MATCH,False Positive
5977,2376,"The Scala, 22 Clifton Drive Blackpool, North West, FY41NX","Sinatra's Hotel, 8, Clifton Drive, Blackpool, , United Kingdom, North West, FY41NX",79.73706451266382,0,1,MATCH,False Positive
61443,39409,"ibis London Sutton Point, 8 Sutton Plaza Sutton Ct Road Sutton, Sutton, , United Kingdom, London, SM14FS","Aparthotel Adagio London Sutton Point, 8 Sutton Plaza Sutton, Sutton, , United Kingdom, London, SM14FS",32.954803943578376,0,1,MATCH,False Positive
37131,37887,"Queensway Hotel - Sure Hotel Collection by Best Western, 147-149 Sussex Gardens Hyde ParkLondon, Westminster, W22RY","Admiral Hotel at Park Avenue, 143 Sussex Gardens Hyde Park Hyde ParkLondon, Westminster, W22RY",19.608006963637546,0,1,MATCH,False Positive
37131,4065,"Queensway Hotel - Sure Hotel Collection by Best Western, 147-149 Sussex Gardens Hyde ParkLondon, Westminster, W22RY","Admiral Hotel at Park Avenue, 143, Sussex Gardens, London, Westminster, W22RY",20.73039213021161,0,1,MATCH,False Positive
37131,4063,"Queensway Hotel - Sure Hotel Collection by Best Western, 147-149 Sussex Gardens Hyde ParkLondon, Westminster, W22RY","Europa House Hotel, 151, Sussex Gardens, London",28.36000064480054,0,1,MATCH,False Positive
34052,5964,"OYO High Tide Hotel, CHARNLEY ROAD  10 Blackpool, North West, FY14PF","Eastgate Hotel, 6 Charnley Road Blackpool Blackpool, North West, FY14PF",91.11168857247957,0,1,MATCH,False Positive
34052,33626,"OYO High Tide Hotel, CHARNLEY ROAD  10 Blackpool, North West, FY14PF","Eastgate Hotel, 6 Charnley Road Blackpool Blackpool, North West, FY14PF",91.11168857247957,0,1,MATCH,False Positive
34052,2443,"OYO High Tide Hotel, CHARNLEY ROAD  10 Blackpool, North West, FY14PF","The Lawton Hotel, 58-66, Charnley Road, Blackpool, , United Kingdom, North West, FY14PF",120.97499420784244,0,1,MATCH,False Positive
34052,2434,"OYO High Tide Hotel, CHARNLEY ROAD  10 Blackpool, North West, FY14PF","The Bramlea, 36, Charnley Road, Blackpool, , United Kingdom, North West, FY14PF",59.40189956918243,0,1,MATCH,False Positive
34052,2444,"OYO High Tide Hotel, CHARNLEY ROAD  10 Blackpool, North West, FY14PF","Kingsway Hotel, 68, Charnley Road, Blackpool, , United Kingdom, North West, FY14PF",126.27140007379714,0,1,MATCH,False Positive
34052,2435,"OYO High Tide Hotel, CHARNLEY ROAD  10 Blackpool, North West, FY14PF","Charnley Gold, 38, Charnley Road, Blackpool, , United Kingdom, North West, FY14PF",64.69027818109251,0,1,MATCH,False Positive
34052,2438,"OYO High Tide Hotel, CHARNLEY ROAD  10 Blackpool, North West, FY14PF","Alviston Hotel, 46-48, Charnley Road, Blackpool, , United Kingdom, North West, FY14PF",82.42805962747802,0,1,MATCH,False Positive
34052,2431,"OYO High Tide Hotel, CHARNLEY ROAD  10 Blackpool, North West, FY14PF","The Victoria, 30, Charnley Road, Blackpool, , United Kingdom, North West, FY14PF",21.42850103736122,0,1,MATCH,False Positive
34052,2430,"OYO High Tide Hotel, CHARNLEY ROAD  10 Blackpool, North West, FY14PF","The Helmshore, 24-28, Charnley Road, Blackpool, , United Kingdom, North West, FY14PF",14.854821956836819,0,1,MATCH,False Positive
34052,2440,"OYO High Tide Hotel, CHARNLEY ROAD  10 Blackpool, North West, FY14PF","The Pearl Hotel, 52, Charnley Road, Blackpool, , United Kingdom, North West, FY14PF",100.27776289956358,0,1,MATCH,False Positive
34052,2432,"OYO High Tide Hotel, CHARNLEY ROAD  10 Blackpool, North West, FY14PF","Butterfly Hotel, 32, Charnley Road, Blackpool, , United Kingdom, North West, FY14PF",46.31957494076638,0,1,MATCH,False Positive
34052,2433,"OYO High Tide Hotel, CHARNLEY ROAD  10 Blackpool, North West, FY14PF","The Blackpool Central Hotel, 34, Charnley Road, Blackpool, , United Kingdom, North West, FY14PF",53.26711913909336,0,1,MATCH,False Positive
6251,6219,"Avenue Guest House, 56 Reads Avenue Blackpool, North West, FY14DE","Four Rooms Blackpool B&B, 60 Reads Avenue Blackpool, North West, FY14DE",16.396703484204238,1,0,NO_MATCH,False Negative
33794,2420,"The Dudley Hotel, 3 Alexandra Road  Blackpool, North West, FY16BU","Wave Crest Hotel, Alexandra Road, Blackpool, , United Kingdom, North West, FY16BU",74.67516407790643,0,1,MATCH,False Positive
59763,59758,"Queens Hotel, Main Street St Bees, Cumberland, North West, CA270DE","Manor House Hotel, 11-12 Main Street Saint BeesCumbria, Cumberland, North West, CA270DE",61.450837449650486,0,1,MATCH,False Positive
59763,17354,"Queens Hotel, Main Street St Bees, Cumberland, North West, CA270DE","Manor House Hotel, 11-12 Main Street Saint BeesCumbria, Cumberland, North West, CA270DE",61.450837449650486,0,1,MATCH,False Positive
37711,37634,"Grange Clarendon Hotel, 34 37 Bedford Place Bloomsbury London, Camden, WC1B5JR","Crichton, 36 Bedford Place, Camden, London, WC1B5JR",21.45632119109335,0,1,MATCH,False Positive
11402,20117,"Spindrift Dumfries, Spindrift Southerness, Dumfries and Galloway, DG28AZ","The Bothy Dumfries, The Bothy Southerness, Dumfries and Galloway, DG28AZ",0.0,0,1,MATCH,False Positive
6354,2376,"Hotel Avano Pleasure Beach, 8 Clifton Drive, Blackpool, North West, FY41NX","Sinatra's Hotel, 8, Clifton Drive, Blackpool, , United Kingdom, North West, FY41NX",83.88599383647113,0,1,MATCH,False Positive
6169,2434,"Charnleygold Hotel, 38 Charnley Road Blackpool, North West, FY14PF","The Bramlea, 36, Charnley Road, Blackpool, , United Kingdom, North West, FY14PF",47.730817289733494,0,1,MATCH,False Positive
6169,2438,"Charnleygold Hotel, 38 Charnley Road Blackpool, North West, FY14PF","Alviston Hotel, 46-48, Charnley Road, Blackpool, , United Kingdom, North West, FY14PF",24.46292129982064,1,0,NO_MATCH,False Negative
6169,2431,"Charnleygold Hotel, 38 Charnley Road Blackpool, North West, FY14PF","The Victoria, 30, Charnley Road, Blackpool, , United Kingdom, North West, FY14PF",95.02370272438822,0,1,MATCH,False Positive
6169,2433,"Charnleygold Hotel, 38 Charnley Road Blackpool, North West, FY14PF","The Blackpool Central Hotel, 34, Charnley Road, Blackpool, , United Kingdom, North West, FY14PF",54.01859962283056,0,1,MATCH,False Positive
5813,2410,"The Georgian Hollies Hotel, 82/90 Albert Road Blackpool, North West, FY14PR","The Georgian Hotel, 82-86, Albert Road, Blackpool, , United Kingdom, North West, FY14PR",15.87115805975985,0,1,MATCH,False Positive
5813,2409,"The Georgian Hollies Hotel, 82/90 Albert Road Blackpool, North West, FY14PR","The Hollies, 88-90, Albert Road, Blackpool, , United Kingdom, North West, FY14PR",24.884594657846982,0,1,MATCH,False Positive
6074,33760,"The Carlton, 64 Albert Road Blackpool, North West, FY14PR","The Carlton, 64 Albert Road Blackpool, North West, FY14PR",0.0,0,1,MATCH,False Positive
38702,4752,"The Bryson Hotel, 124-132 Clerkenwell Road London, Camden, EC1R5DJ","The Bryson Hotel, 124-132, Clerkenwell Road, London, Camden, EC1R5DL",13.032175556428868,1,0,NO_MATCH,False Negative
33860,2435,"The Darfield Hotel, 54 Charnley Road Blackpool, North West, FY14PF","Charnley Gold, 38, Charnley Road, Blackpool, , United Kingdom, North West, FY14PF",57.75486230974699,0,1,MATCH,False Positive
33860,2431,"The Darfield Hotel, 54 Charnley Road Blackpool, North West, FY14PF","The Victoria, 30, Charnley Road, Blackpool, , United Kingdom, North West, FY14PF",107.1016062458195,0,1,MATCH,False Positive
33860,2440,"The Darfield Hotel, 54 Charnley Road Blackpool, North West, FY14PF","The Pearl Hotel, 52, Charnley Road, Blackpool, , United Kingdom, North West, FY14PF",21.591231241860807,0,1,MATCH,False Positive
33860,2442,"The Darfield Hotel, 54 Charnley Road Blackpool, North West, FY14PF","Clifton Hotel, 56, Charnley Road, Blackpool, , United Kingdom, North West, FY14PF",7.568171570225751,0,1,MATCH,False Positive
6092,2455,"The Belvedere, 91-93 Albert Road  Blackpool, North West, FY14PW","Albert Hotel, 117, Albert Road, Blackpool, , United Kingdom, North West, FY14PW",41.15172117163626,0,1,MATCH,False Positive
6092,2445,"The Belvedere, 91-93 Albert Road  Blackpool, North West, FY14PW","Royal Ruskin Hotel, Albert Road, Blackpool, , United Kingdom, North West, FY14PW",73.91150848848355,0,1,MATCH,False Positive
6092,2452,"The Belvedere, 91-93 Albert Road  Blackpool, North West, FY14PW","The Belvedere, 91-93, Albert Road, Blackpool, , United Kingdom, North West, FY14PW",25.850533171702626,0,1,MATCH,False Positive
6092,2450,"The Belvedere, 91-93 Albert Road  Blackpool, North West, FY14PW","The Oak Lea Hotel, 83-87, Albert Road, Blackpool, , United Kingdom, North West, FY14PW",55.48810608705369,0,1,MATCH,False Positive
37565,9612,"Astor Kensington Hostel, 45 Queensborough Terrace Londo, NW23SY","MStay Hotel 43, 43, Queensborough Terrace",11.119492516936816,0,1,MATCH,False Positive
6335,2331,"The Woodleigh Over 50's B & B, 32 King Edward Ave, Blackpool, North West, FY29TA","Kings Court Hotel, 34, King Edward Avenue, Blackpool, , United Kingdom, North West, FY29TA",24.69916404957072,0,1,MATCH,False Positive
6335,2327,"The Woodleigh Over 50's B & B, 32 King Edward Ave, Blackpool, North West, FY29TA","King Edward Hotel, 44, King Edward Avenue, Blackpool, , United Kingdom, North West, FY29TA",53.82368627821473,0,1,MATCH,False Positive
6335,2313,"The Woodleigh Over 50's B & B, 32 King Edward Ave, Blackpool, North West, FY29TA","The Penryn, 38, King Edward Avenue, Blackpool, , United Kingdom, North West, FY29TA",191.4511735818753,0,1,MATCH,False Positive
6335,2324,"The Woodleigh Over 50's B & B, 32 King Edward Ave, Blackpool, North West, FY29TA","The Berwick, King Edward Avenue, Blackpool, , United Kingdom, North West, FY29TA",32.33597882165671,0,1,MATCH,False Positive
6335,2325,"The Woodleigh Over 50's B & B, 32 King Edward Ave, Blackpool, North West, FY29TA","Sunnymede Private Hotel, 50, King Edward Avenue, Blackpool, , United Kingdom, North West, FY29TA",38.83470172245856,0,1,MATCH,False Positive
5964,2434,"Eastgate Hotel, 6 Charnley Road Blackpool Blackpool, North West, FY14PF","The Bramlea, 36, Charnley Road, Blackpool, , United Kingdom, North West, FY14PF",31.875374013317153,0,1,MATCH,False Positive
5964,2435,"Eastgate Hotel, 6 Charnley Road Blackpool Blackpool, North West, FY14PF","Charnley Gold, 38, Charnley Road, Blackpool, , United Kingdom, North West, FY14PF",26.485072166410873,0,1,MATCH,False Positive
5964,2431,"Eastgate Hotel, 6 Charnley Road Blackpool Blackpool, North West, FY14PF","The Victoria, 30, Charnley Road, Blackpool, , United Kingdom, North West, FY14PF",79.85397377090928,0,1,MATCH,False Positive
5964,2430,"Eastgate Hotel, 6 Charnley Road Blackpool Blackpool, North West, FY14PF","The Helmshore, 24-28, Charnley Road, Blackpool, , United Kingdom, North West, FY14PF",91.27727209638896,0,1,MATCH,False Positive
5964,2440,"Eastgate Hotel, 6 Charnley Road Blackpool Blackpool, North West, FY14PF","The Pearl Hotel, 52, Charnley Road, Blackpool, , United Kingdom, North West, FY14PF",11.11530403437319,0,1,MATCH,False Positive
5964,2433,"Eastgate Hotel, 6 Charnley Road Blackpool Blackpool, North West, FY14PF","The Blackpool Central Hotel, 34, Charnley Road, Blackpool, , United Kingdom, North West, FY14PF",38.1599407497127,0,1,MATCH,False Positive
6048,2455,"The Montclair, 95 Albert Road Blackpool, North West, FY14PW","Albert Hotel, 117, Albert Road, Blackpool, , United Kingdom, North West, FY14PW",60.26230803022369,0,1,MATCH,False Positive
6048,2453,"The Montclair, 95 Albert Road Blackpool, North West, FY14PW","Fairview Hotel, 113, Albert Road, Blackpool, , United Kingdom, North West, FY14PW",10.265312185077171,0,1,MATCH,False Positive
6048,2445,"The Montclair, 95 Albert Road Blackpool, North West, FY14PW","Royal Ruskin Hotel, Albert Road, Blackpool, , United Kingdom, North West, FY14PW",77.7107607710084,0,1,MATCH,False Positive
56885,3286,"The Sun Hotel, 18-19 North Parade Skegness, East Lindsey, East Midlands, PE252UB","The County Hotel, North Parade, Skegness, , GB, East Lindsey, East Midlands, PE252UB",167.18115414213415,0,1,MATCH,False Positive
46869,7613,"The Kenilworth, Osborne Road Jesmond 44  Newcastle Upon Tyne JesmondNewcastle upon Tyne Tyne and Wear, North East, NE22AL","Osborne Hotel, 13-15, Osborne Road, Newcastle upon Tyne, North East, NE22AE",217.83229124194756,0,1,MATCH,False Positive
38085,11325,"Malmaison London, 18-21 Charterhouse Square London, Islington, EC1M6AH","Malmaison Cheltenham, Bayshill Road, Cheltenham, South West, GL503AS",369.8734870519831,1,0,NO_MATCH,False Negative
6207,2435,"The Kings Cross Hotel, 44 Charnley Rd Blackpool, North West, FY14PF","Charnley Gold, 38, Charnley Road, Blackpool, , United Kingdom, North West, FY14PF",30.629141291331532,0,1,MATCH,False Positive
6207,2431,"The Kings Cross Hotel, 44 Charnley Rd Blackpool, North West, FY14PF","The Victoria, 30, Charnley Road, Blackpool, , United Kingdom, North West, FY14PF",84.14749443073242,0,1,MATCH,False Positive
6207,2430,"The Kings Cross Hotel, 44 Charnley Rd Blackpool, North West, FY14PF","The Helmshore, 24-28, Charnley Road, Blackpool, , United Kingdom, North West, FY14PF",95.56275993057332,0,1,MATCH,False Positive
6207,2433,"The Kings Cross Hotel, 44 Charnley Rd Blackpool, North West, FY14PF","The Blackpool Central Hotel, 34, Charnley Road, Blackpool, , United Kingdom, North West, FY14PF",42.25109080053124,0,1,MATCH,False Positive
37892,8197,"Fitzroylondon, 41 Fitzroy Street London, Camden, W1T6DZ","Fitzroy Hotel, 41, Fitzroy Street, London",5.751872774489999,0,1,MATCH,False Positive
34195,33667,"Royal Windsor Holiday Apartments, Trafalgar Road 12, Blackpool, North West, FY16AW","The Glyndale, 9 Trafalgar Road Blackpool, North West, FY16AW",23.294581674886892,0,1,MATCH,False Positive
34195,5999,"Royal Windsor Holiday Apartments, Trafalgar Road 12, Blackpool, North West, FY16AW","The Glyndale, 9 Trafalgar Road Blackpool, North West, FY16AW",23.294581674886892,0,1,MATCH,False Positive
5188,3897,"Rowton Hotel, 145 Alcester street Birmingham, West Midlands, B120PJ","The Paragon Hotel, 145, Alcester Street, Birmingham, West Midlands, B120PJ",33.35002104481728,1,0,NO_MATCH,False Negative
37568,6840,"St Georges Inn Victoria, 25 Belgrave Road Victoria VictoriaLondon, Westminster, SW1V1RB","Stanley House, 19-21, Belgrave Road, London, Westminster, SW1V1RB",27.80533664011479,0,1,MATCH,False Positive
8218,8308,"Brighton Marina House Hotel B&B, 8 Charlotte Street Brighton, Brighton and Hove, South East, BN21AG","Brighton Surf Guest House, 16 Charlotte Street Brighton and Hove Brighton, South East, BN21AG",13.82086535462182,1,0,NO_MATCH,False Negative
16176,22444,"Anchorage Apartments 7, Gyllyngvase Road, Cornwall, South West, TR114DJ","Anchorage Apartments 6, Gyllyngvase Road, Cornwall, South West, TR114DJ",0.0,1,0,NO_MATCH,False Negative
8234,3317,"The Alvia, 36 Upper Rock Gardens BrightonEast Sussex, Brighton and Hove, South East, BN21QF","Upper Rock Rooms, 36, Upper Rock Gardens, Brighton, , GB, Brighton and Hove, South East, BN21QF",298.7478906242199,0,1,MATCH,False Positive
6171,2331,"The Windsor Hotel, 21 King Edward Avenue North Shore Blackpool, North West, FY29TA","Kings Court Hotel, 34, King Edward Avenue, Blackpool, , United Kingdom, North West, FY29TA",24.742127628016156,0,1,MATCH,False Positive
6171,2327,"The Windsor Hotel, 21 King Edward Avenue North Shore Blackpool, North West, FY29TA","King Edward Hotel, 44, King Edward Avenue, Blackpool, , United Kingdom, North West, FY29TA",37.8539353296432,0,1,MATCH,False Positive
33349,2297,"The Croydon, 12 Empress Drive Blackpool, North West, FY29SE","Hotel Segantii, 14, Empress Drive, Blackpool, , United Kingdom, North West, FY29SE",116.61569934363423,0,1,MATCH,False Positive
33349,2300,"The Croydon, 12 Empress Drive Blackpool, North West, FY29SE","Highfield Hotel, 6, Empress Drive, Blackpool, , United Kingdom, North West, FY29SE",4.531128906252936,0,1,MATCH,False Positive
36622,9429,"The White House Hotel, Saint George's Crescent Llandudno, Conwy, LL302LF","Trevone, St Georges Crescent, Llandudno, , GB, Conwy, LL302LF",242.92054767099083,0,1,MATCH,False Positive
24098,23858,"No 131, 131 The Promenade CheltenhamGloucestershire, South West, GL501NW","Queens Hotel Cheltenham MGallery by Sofitel, The Promenade Cheltenham, South West, GL501NN",66.51981923910196,0,1,MATCH,False Positive
33891,2434,"Charnleygold Hotel, 38 Charnley Road Blackpool, North West, FY14PF","The Bramlea, 36, Charnley Road, Blackpool, , United Kingdom, North West, FY14PF",47.730817289733494,0,1,MATCH,False Positive
33891,2431,"Charnleygold Hotel, 38 Charnley Road Blackpool, North West, FY14PF","The Victoria, 30, Charnley Road, Blackpool, , United Kingdom, North West, FY14PF",95.02370272438822,0,1,MATCH,False Positive
33891,2440,"Charnleygold Hotel, 38 Charnley Road Blackpool, North West, FY14PF","The Pearl Hotel, 52, Charnley Road, Blackpool, , United Kingdom, North West, FY14PF",8.370054251986613,0,1,MATCH,False Positive
33891,2433,"Charnleygold Hotel, 38 Charnley Road Blackpool, North West, FY14PF","The Blackpool Central Hotel, 34, Charnley Road, Blackpool, , United Kingdom, North West, FY14PF",54.01859962283056,0,1,MATCH,False Positive
37430,37660,"Native Hyde Park, Sussex Gardens 206 214 PaddingtonLondon, Westminster, W23UA","The Gresham Hotel, 116 Sussex Gardens Paddington Hyde ParkLondon, Westminster, W21UA",358.3378290677898,0,1,MATCH,False Positive
37430,37853,"Native Hyde Park, Sussex Gardens 206 214 PaddingtonLondon, Westminster, W23UA","Lancaster Court Hotel, 202-204 Sussex Gardens PaddingtonLondon, Westminster, W23UA",32.40671348524415,0,1,MATCH,False Positive
37430,4096,"Native Hyde Park, Sussex Gardens 206 214 PaddingtonLondon, Westminster, W23UA","StâÂºdyo Paddington by Bridgestreet, 190, Sussex Gardens",366.96486011227273,0,1,MATCH,False Positive
37430,11255,"Native Hyde Park, Sussex Gardens 206 214 PaddingtonLondon, Westminster, W23UA","The Darlington Hyde Park, 111-117, Sussex Gardens, London",352.5554588052248,0,1,MATCH,False Positive
34156,2482,"Norwyn Court, 85 87 Reads Ave, Blackpool, North West, FY14DG","The Lanayr Hotel, 73-75, Read's Avenue, Blackpool, , United Kingdom, North West, FY14DG",32.018710188844445,0,1,MATCH,False Positive
34156,2481,"Norwyn Court, 85 87 Reads Ave, Blackpool, North West, FY14DG","The New Sandringham Court Hotel, 65-69, Read's Avenue, Blackpool, , United Kingdom, North West, FY14DG",82.4517613031591,0,1,MATCH,False Positive
5718,33784,"Welbeck, 10-12 Queens Promenade BlackpoolLancashire, North West, FY29SQ","The Maples Hotel, 8 QueenÂs Promenade BlackpoolLancashire, North West, FY29SQ",44.232809282206986,0,1,MATCH,False Positive
8278,5372,"Hamptons Brighton, 3 New Steine BrightonEast Sussex, Brighton and Hove, South East, BN21PB","New Steine, 10-11, New Steine, Brighton and Hove, South East, BN21PB",66.62150587616397,0,1,MATCH,False Positive
18353,4214,"Derby Midland Hotel, BW Signature Collection, Midland Road Derby, East Midlands, DE12SQ","Derby Station Hotel, 21, Midland Road, Derby, East Midlands, DE12SL",98.20266938090556,1,0,NO_MATCH,False Negative
6147,2420,"Myguesthouse Blackpool, 12 Alexander Road Blackpool, North West, FY16BU","Wave Crest Hotel, Alexandra Road, Blackpool, , United Kingdom, North West, FY16BU",65.04473617454322,0,1,MATCH,False Positive
33280,2327,"The Alpha Guest Accommodation, King Edward Avenue, 9 BLACKPOOL, North West, FY29TD","King Edward Hotel, 44, King Edward Avenue, Blackpool, , United Kingdom, North West, FY29TA",143.92899293752816,0,1,MATCH,False Positive
33280,2294,"The Alpha Guest Accommodation, King Edward Avenue, 9 BLACKPOOL, North West, FY29TD","Grosvenor View, 7, King Edward Avenue, Blackpool, , United Kingdom, North West, FY29TD",7.855607618290662,0,1,MATCH,False Positive
33280,2293,"The Alpha Guest Accommodation, King Edward Avenue, 9 BLACKPOOL, North West, FY29TD","The Alpha, 9, King Edward Avenue, Blackpool, , United Kingdom, North West, FY29TD",36.41501446005773,0,1,MATCH,False Positive
7097,6096,"The Manchester Hotel, 56 St Michaels Road Bournemouth Dorset  BournemouthDorset, Bournemouth, Christchurch and Poole, South West, BH25EB","The Manchester Hotel, 56, Saint Michael's Road, Bournemouth, Christchurch and Poole, South West, BH25EB",108.84310889972004,0,1,MATCH,False Positive
6240,2398,"Sea Dreams Hotel, 2-4 Clifton Drive Blackpool, North West, FY41ND","The Albany, 2-4, Clifton Drive, Blackpool, , United Kingdom, North West, FY41ND",280.28886145724385,0,1,MATCH,False Positive
11424,11167,"Jurys Inn East Midlands Airport, East Midlands Airport Derby, North West Leicestershire, DE742SH","Leonardo Hotel East Midlands Airport, Beverley Road, Derby, North West Leicestershire, DE742SH",70.36556550616858,0,1,MATCH,False Positive
7107,6080,"Washington House Hotel, 3 Durley Road West Cliff  Bournemouth, Bournemouth, Christchurch and Poole, South West, BH25JQ","No. 5, 5, Durley Road, Bournemouth, Christchurch and Poole, South West, BH25JQ",135.1028284317083,0,1,MATCH,False Positive
37317,6415,"So Paddington Hotel, 6-8 Norfolk Square London, Westminster, W21RS","Shakespeare Hotel, 22-28, Norfolk Square, London, , GB, Westminster, W21RS",28.287574702170023,0,1,MATCH,False Positive
34009,6263,"The Gallery, 108 Albert Road Blackpool, North West, FY14PR","The Gallery, 108 Albert Road Blackpool, North West, FY14PR",0.0,0,1,MATCH,False Positive
34009,2403,"The Gallery, 108 Albert Road Blackpool, North West, FY14PR","The Gallery, 108, Albert Road, Blackpool, , United Kingdom, North West, FY14PR",31.892958323810827,0,1,MATCH,False Positive
33398,5529,"Kingsway, 68 Charnley Road Blackpool Lancashire, North West, FY14PF","Jesmond International Hotel, 8 Charnley Rd Blackpool, North West, FY14PF",92.71306360260266,0,1,MATCH,False Positive
33398,33626,"Kingsway, 68 Charnley Road Blackpool Lancashire, North West, FY14PF","Eastgate Hotel, 6 Charnley Road Blackpool Blackpool, North West, FY14PF",3.4656488513093744,0,1,MATCH,False Positive
33398,2443,"Kingsway, 68 Charnley Road Blackpool Lancashire, North West, FY14PF","The Lawton Hotel, 58-66, Charnley Road, Blackpool, , United Kingdom, North West, FY14PF",28.537607425722626,0,1,MATCH,False Positive
33398,2434,"Kingsway, 68 Charnley Road Blackpool Lancashire, North West, FY14PF","The Bramlea, 36, Charnley Road, Blackpool, , United Kingdom, North West, FY14PF",34.00999889145886,0,1,MATCH,False Positive
33398,2441,"Kingsway, 68 Charnley Road Blackpool Lancashire, North West, FY14PF","The Darfield Hotel, 54, Charnley Road, Blackpool, , United Kingdom, North West, FY14PF",17.305528762549603,0,1,MATCH,False Positive
33398,2437,"Kingsway, 68 Charnley Road Blackpool Lancashire, North West, FY14PF","The Kings Cross Hotel, 44, Charnley Road, Blackpool, , United Kingdom, North West, FY14PF",16.691922332918303,0,1,MATCH,False Positive
33398,2431,"Kingsway, 68 Charnley Road Blackpool Lancashire, North West, FY14PF","The Victoria, 30, Charnley Road, Blackpool, , United Kingdom, North West, FY14PF",81.02715729720909,0,1,MATCH,False Positive
33398,2430,"Kingsway, 68 Charnley Road Blackpool Lancashire, North West, FY14PF","The Helmshore, 24-28, Charnley Road, Blackpool, , United Kingdom, North West, FY14PF",92.60631141444786,0,1,MATCH,False Positive
33398,2440,"Kingsway, 68 Charnley Road Blackpool Lancashire, North West, FY14PF","The Pearl Hotel, 52, Charnley Road, Blackpool, , United Kingdom, North West, FY14PF",8.031229077857631,0,1,MATCH,False Positive
5529,2434,"Jesmond International Hotel, 8 Charnley Rd Blackpool, North West, FY14PF","The Bramlea, 36, Charnley Road, Blackpool, , United Kingdom, North West, FY14PF",58.70686602704921,0,1,MATCH,False Positive
5529,2435,"Jesmond International Hotel, 8 Charnley Rd Blackpool, North West, FY14PF","Charnley Gold, 38, Charnley Road, Blackpool, , United Kingdom, North West, FY14PF",64.14098872741319,0,1,MATCH,False Positive
5529,2431,"Jesmond International Hotel, 8 Charnley Rd Blackpool, North West, FY14PF","The Victoria, 30, Charnley Road, Blackpool, , United Kingdom, North West, FY14PF",32.42295312897147,0,1,MATCH,False Positive
5529,2430,"Jesmond International Hotel, 8 Charnley Rd Blackpool, North West, FY14PF","The Helmshore, 24-28, Charnley Road, Blackpool, , United Kingdom, North West, FY14PF",28.18476430334269,0,1,MATCH,False Positive
5529,2440,"Jesmond International Hotel, 8 Charnley Rd Blackpool, North West, FY14PF","The Pearl Hotel, 52, Charnley Road, Blackpool, , United Kingdom, North West, FY14PF",100.43457154997407,0,1,MATCH,False Positive
5529,2433,"Jesmond International Hotel, 8 Charnley Rd Blackpool, North West, FY14PF","The Blackpool Central Hotel, 34, Charnley Road, Blackpool, , United Kingdom, North West, FY14PF",52.397891858411704,0,1,MATCH,False Positive
6253,2443,"Victoria Hotel Blackpool, 30 Charnley Road Blackpool, North West, FY14PF","The Lawton Hotel, 58-66, Charnley Road, Blackpool, , United Kingdom, North West, FY14PF",28.862565281185873,0,1,MATCH,False Positive
6253,2434,"Victoria Hotel Blackpool, 30 Charnley Road Blackpool, North West, FY14PF","The Bramlea, 36, Charnley Road, Blackpool, , United Kingdom, North West, FY14PF",38.88871597486058,0,1,MATCH,False Positive
6253,2435,"Victoria Hotel Blackpool, 30 Charnley Road Blackpool, North West, FY14PF","Charnley Gold, 38, Charnley Road, Blackpool, , United Kingdom, North West, FY14PF",33.81787525157577,0,1,MATCH,False Positive
6253,2437,"Victoria Hotel Blackpool, 30 Charnley Road Blackpool, North West, FY14PF","The Kings Cross Hotel, 44, Charnley Road, Blackpool, , United Kingdom, North West, FY14PF",22.924882786837834,0,1,MATCH,False Positive
6253,2430,"Victoria Hotel Blackpool, 30 Charnley Road Blackpool, North West, FY14PF","The Helmshore, 24-28, Charnley Road, Blackpool, , United Kingdom, North West, FY14PF",91.67603727952125,0,1,MATCH,False Positive
6253,2440,"Victoria Hotel Blackpool, 30 Charnley Road Blackpool, North West, FY14PF","The Pearl Hotel, 52, Charnley Road, Blackpool, , United Kingdom, North West, FY14PF",13.08334040164045,0,1,MATCH,False Positive
6253,2432,"Victoria Hotel Blackpool, 30 Charnley Road Blackpool, North West, FY14PF","Butterfly Hotel, 32, Charnley Road, Blackpool, , United Kingdom, North West, FY14PF",51.96015127571349,0,1,MATCH,False Positive
6253,2433,"Victoria Hotel Blackpool, 30 Charnley Road Blackpool, North West, FY14PF","The Blackpool Central Hotel, 34, Charnley Road, Blackpool, , United Kingdom, North West, FY14PF",44.844666927909195,0,1,MATCH,False Positive
34026,2327,"Fairmont Hotel, 40 King Edward Avenue Blackpool, North West, FY29TA","King Edward Hotel, 44, King Edward Avenue, Blackpool, , United Kingdom, North West, FY29TA",25.6217879549815,0,1,MATCH,False Positive
34026,2324,"Fairmont Hotel, 40 King Edward Avenue Blackpool, North West, FY29TA","The Berwick, King Edward Avenue, Blackpool, , United Kingdom, North West, FY29TA",35.05347263448502,0,1,MATCH,False Positive
756,7198,"Aultbea Lodges, Aultbea, Drumchork, Ross-Shire, Highland, IV222HU","Drumchork Lodge Hotel, Aultbea, Highland, IV222HU",88.83679201881984,0,1,MATCH,False Positive
6120,2359,"The Pool Bed & Breakfast, 8 Gynn Avenue Blackpool  Blackpool  United Kingdom Blackpool, North West, FY12LD","Bramleigh Hotel, 13-15, Gynn Avenue, Blackpool, , United Kingdom, North West, FY12LD",49.61610047096083,1,0,NO_MATCH,False Negative
33995,2443,"Victoria Hotel Blackpool, 30 Charnley Road Blackpool, North West, FY14PF","The Lawton Hotel, 58-66, Charnley Road, Blackpool, , United Kingdom, North West, FY14PF",28.862565281185873,0,1,MATCH,False Positive
33995,2434,"Victoria Hotel Blackpool, 30 Charnley Road Blackpool, North West, FY14PF","The Bramlea, 36, Charnley Road, Blackpool, , United Kingdom, North West, FY14PF",38.88871597486058,0,1,MATCH,False Positive
33995,2435,"Victoria Hotel Blackpool, 30 Charnley Road Blackpool, North West, FY14PF","Charnley Gold, 38, Charnley Road, Blackpool, , United Kingdom, North West, FY14PF",33.81787525157577,0,1,MATCH,False Positive
33995,2437,"Victoria Hotel Blackpool, 30 Charnley Road Blackpool, North West, FY14PF","The Kings Cross Hotel, 44, Charnley Road, Blackpool, , United Kingdom, North West, FY14PF",22.924882786837834,0,1,MATCH,False Positive
33995,2430,"Victoria Hotel Blackpool, 30 Charnley Road Blackpool, North West, FY14PF","The Helmshore, 24-28, Charnley Road, Blackpool, , United Kingdom, North West, FY14PF",91.67603727952125,0,1,MATCH,False Positive
33995,2440,"Victoria Hotel Blackpool, 30 Charnley Road Blackpool, North West, FY14PF","The Pearl Hotel, 52, Charnley Road, Blackpool, , United Kingdom, North West, FY14PF",13.08334040164045,0,1,MATCH,False Positive
33995,2432,"Victoria Hotel Blackpool, 30 Charnley Road Blackpool, North West, FY14PF","Butterfly Hotel, 32, Charnley Road, Blackpool, , United Kingdom, North West, FY14PF",51.96015127571349,0,1,MATCH,False Positive
33995,2433,"Victoria Hotel Blackpool, 30 Charnley Road Blackpool, North West, FY14PF","The Blackpool Central Hotel, 34, Charnley Road, Blackpool, , United Kingdom, North West, FY14PF",44.844666927909195,0,1,MATCH,False Positive
33634,2488,"The New Brooklyn Hotel, 381 Promenade Blackpool, North West, FY16BH","Allandale Hotel, Promenade, Blackpool, , United Kingdom, North West, FY16BH",141.3526408119358,0,1,MATCH,False Positive
10670,10665,"Ashbank Hotel, Carradale CarradaleArgyll, Argyll and Bute, PA286RY","Carradale Hotel, Argyll Argyll, Argyll and Bute, PA286RY",68.86927352403899,0,1,MATCH,False Positive
36681,2881,"Bromwell Court, 6 Craig-Y-Don Parade Llandudno Conwy, LL301BG","Glan Y Mor Hotel, 2, Craig Y Don Parade, Llandudno, , GB, Conwy, LL301BG",40.59297170937663,0,1,MATCH,False Positive
33756,2435,"The Florida Hotel, 32 Charnley Road Blackpool, North West, FY14PF","Charnley Gold, 38, Charnley Road, Blackpool, , United Kingdom, North West, FY14PF",12.418602602094522,0,1,MATCH,False Positive
33756,2431,"The Florida Hotel, 32 Charnley Road Blackpool, North West, FY14PF","The Victoria, 30, Charnley Road, Blackpool, , United Kingdom, North West, FY14PF",43.60199053973325,0,1,MATCH,False Positive
33756,2432,"The Florida Hotel, 32 Charnley Road Blackpool, North West, FY14PF","Butterfly Hotel, 32, Charnley Road, Blackpool, , United Kingdom, North West, FY14PF",15.469863095813997,0,1,MATCH,False Positive
33756,2433,"The Florida Hotel, 32 Charnley Road Blackpool, North West, FY14PF","The Blackpool Central Hotel, 34, Charnley Road, Blackpool, , United Kingdom, North West, FY14PF",10.806517993761679,0,1,MATCH,False Positive
5910,2309,"Waves, 12 Wilshaw Road Blackpool, North West, FY29SH","The Braeside, 6, Willshaw Road, Blackpool, , United Kingdom, North West, FY29SH",8.710127180770538,0,1,MATCH,False Positive
37452,4049,"Ridgemount Hotel, 65 67 Gower Street FitzroviaLondon, Camden, WC1E6HJ","Gower House Hotel, 57, Gower Street, London, Camden, WC1E6HJ",30.551118054710365,0,1,MATCH,False Positive
24841,6511,"Barons Court, Norfolk Square Great YarmouthNorfolk, East of England, NR301EE","St Anne's Hotel, 7, Norfolk Square, Great Yarmouth, East of England, NR301EE",4.7027121678663235,0,1,MATCH,False Positive
46052,10179,"The Crown Hotel, 10 King Street Inverbervie Inverbervie, Aberdeenshire, DD100RG","The Crown Hotel, 10, King Street, Montrose, Aberdeenshire, DD100RG",1.543250397218777,1,0,NO_MATCH,False Negative
33626,2434,"Eastgate Hotel, 6 Charnley Road Blackpool Blackpool, North West, FY14PF","The Bramlea, 36, Charnley Road, Blackpool, , United Kingdom, North West, FY14PF",31.875374013317153,0,1,MATCH,False Positive
33626,2435,"Eastgate Hotel, 6 Charnley Road Blackpool Blackpool, North West, FY14PF","Charnley Gold, 38, Charnley Road, Blackpool, , United Kingdom, North West, FY14PF",26.485072166410873,0,1,MATCH,False Positive
33626,2431,"Eastgate Hotel, 6 Charnley Road Blackpool Blackpool, North West, FY14PF","The Victoria, 30, Charnley Road, Blackpool, , United Kingdom, North West, FY14PF",79.85397377090928,0,1,MATCH,False Positive
33626,2430,"Eastgate Hotel, 6 Charnley Road Blackpool Blackpool, North West, FY14PF","The Helmshore, 24-28, Charnley Road, Blackpool, , United Kingdom, North West, FY14PF",91.27727209638896,0,1,MATCH,False Positive
33626,2440,"Eastgate Hotel, 6 Charnley Road Blackpool Blackpool, North West, FY14PF","The Pearl Hotel, 52, Charnley Road, Blackpool, , United Kingdom, North West, FY14PF",11.11530403437319,0,1,MATCH,False Positive
33626,2433,"Eastgate Hotel, 6 Charnley Road Blackpool Blackpool, North West, FY14PF","The Blackpool Central Hotel, 34, Charnley Road, Blackpool, , United Kingdom, North West, FY14PF",38.1599407497127,0,1,MATCH,False Positive
2331,2327,"Kings Court Hotel, 34, King Edward Avenue, Blackpool, , United Kingdom, North West, FY29TA","King Edward Hotel, 44, King Edward Avenue, Blackpool, , United Kingdom, North West, FY29TA",29.128571380874224,0,1,MATCH,False Positive
2331,2324,"Kings Court Hotel, 34, King Edward Avenue, Blackpool, , United Kingdom, North West, FY29TA","The Berwick, King Edward Avenue, Blackpool, , United Kingdom, North West, FY29TA",34.415557323892486,0,1,MATCH,False Positive
2329,2327,"Fairmont Hotel, 40, King Edward Avenue, Blackpool, , United Kingdom, North West, FY29TA","King Edward Hotel, 44, King Edward Avenue, Blackpool, , United Kingdom, North West, FY29TA",17.872747710221834,0,1,MATCH,False Positive
2407,2405,"Sandy Beach Hotel, 96-98, Albert Road, Blackpool, , United Kingdom, North West, FY14PR","The Arabella, 102, Albert Road, Blackpool, , United Kingdom, North West, FY14PR",19.473366401760586,0,1,MATCH,False Positive
5818,6658,"Strawberry Bank Hotel & Restaurant, Main Road, Meriden, Solihull, West Midlands, CV77NF","Strawberry Bank Hotel & Restaurant, 72, Main Road, Meriden, , GB, Solihull, West Midlands, CV77NF",109.32740028950104,0,1,MATCH,False Positive
1407,4533,"Travelodge Ipswich Beacon Hill, A140, Coddenham, , United Kingdom, Mid Suffolk, East of England, IP68LP","Travelodge, 14, Queens Road, Norwich, , GB, East of England, NR13PR",429.2522854521134,1,0,NO_MATCH,False Negative
2434,2432,"The Bramlea, 36, Charnley Road, Blackpool, , United Kingdom, North West, FY14PF","Butterfly Hotel, 32, Charnley Road, Blackpool, , United Kingdom, North West, FY14PF",13.632427870280804,0,1,MATCH,False Positive
4061,4063,"Albro House, 155, Sussex Gardens, London","Europa House Hotel, 151, Sussex Gardens, London",15.589539897431878,0,1,MATCH,False Positive
2435,2432,"Charnley Gold, 38, Charnley Road, Blackpool, , United Kingdom, North West, FY14PF","Butterfly Hotel, 32, Charnley Road, Blackpool, , United Kingdom, North West, FY14PF",19.066970192933862,0,1,MATCH,False Positive
2330,2327,"Langtry's, 36, King Edward Avenue, Blackpool, , United Kingdom, North West, FY29TA","King Edward Hotel, 44, King Edward Avenue, Blackpool, , United Kingdom, North West, FY29TA",23.143086823998626,0,1,MATCH,False Positive
2330,2313,"Langtry's, 36, King Edward Avenue, Blackpool, , United Kingdom, North West, FY29TA","The Penryn, 38, King Edward Avenue, Blackpool, , United Kingdom, North West, FY29TA",187.57299066761595,0,1,MATCH,False Positive
2330,2324,"Langtry's, 36, King Edward Avenue, Blackpool, , United Kingdom, North West, FY29TA","The Berwick, King Edward Avenue, Blackpool, , United Kingdom, North West, FY29TA",37.38887452427175,0,1,MATCH,False Positive
5279,5736,"Premier Inn, Kingsway North, Gateshead, North East, NE110NU","Premier Inn, Derwenthaugh Road, Gateshead, North East, NE163BL",0.0,1,0,NO_MATCH,False Negative
11255,4070,"The Darlington Hyde Park, 111-117, Sussex Gardens, London","Classic Hyde Park Hotel, 109, Sussex Gardens",20.344394842428738,0,1,MATCH,False Positive
2406,2404,"Lumada, 100, Albert Road, Blackpool, , United Kingdom, North West, FY14PR","The Allendale, 104, Albert Road, Blackpool, , United Kingdom, North West, FY14PR",7.922027436687856,0,1,MATCH,False Positive
2333,2324,"Brooklands Hotel, 28-30, King Edward Avenue, Blackpool, , United Kingdom, North West, FY29TA","The Berwick, King Edward Avenue, Blackpool, , United Kingdom, North West, FY29TA",30.46438206128266,0,1,MATCH,False Positive
6412,9562,"Hyde Park Court Hotel, 48, Norfolk Square, London, GB","Hyde Park Talbot Square, 18, Talbot Square",177.68559329540685,1,0,NO_MATCH,False Negative
6412,9570,"Hyde Park Court Hotel, 48, Norfolk Square, London, GB","Hyde Park Rooms Hotel, 137, Sussex Gardens",165.2912087486792,1,0,NO_MATCH,False Negative
4078,4070,"Classic Hotel, 92, Sussex Gardens","Classic Hyde Park Hotel, 109, Sussex Gardens",84.51501364056082,1,0,NO_MATCH,False Negative
2431,2432,"The Victoria, 30, Charnley Road, Blackpool, , United Kingdom, North West, FY14PF","Butterfly Hotel, 32, Charnley Road, Blackpool, , United Kingdom, North West, FY14PF",39.811361349176515,0,1,MATCH,False Positive
2431,2433,"The Victoria, 30, Charnley Road, Blackpool, , United Kingdom, North West, FY14PF","The Blackpool Central Hotel, 34, Charnley Road, Blackpool, , United Kingdom, North West, FY14PF",45.09218215364915,0,1,MATCH,False Positive
2327,2324,"King Edward Hotel, 44, King Edward Avenue, Blackpool, , United Kingdom, North West, FY29TA","The Berwick, King Edward Avenue, Blackpool, , United Kingdom, North West, FY29TA",54.406794106899326,0,1,MATCH,False Positive
7298,7285,"Elm Tree Hotel, 24, North Parade, Llandudno, , GB, Conwy, LL302LP","St Tudno, 14, North Parade, Llandudno, , GB, Conwy, LL302LP",126.08080252541129,0,1,MATCH,False Positive
3286,3287,"The County Hotel, North Parade, Skegness, , GB, East Lindsey, East Midlands, PE252UB","Sun Hotel, North Parade, East Lindsey, , United Kingdom, East Midlands, PE252UB",193.89036845049455,0,1,MATCH,False Positive
9471,9468,"The Wilton, 14, South Parade, Llandudno, , GB, Conwy, LL302LN","Marlborough Hotel, South Parade, Llandudno, , GB, Conwy, LL302LN",17.23761197772852,0,1,MATCH,False Positive
9562,9570,"Hyde Park Talbot Square, 18, Talbot Square","Hyde Park Rooms Hotel, 137, Sussex Gardens",176.7666727337365,1,0,NO_MATCH,False Negative
2904,7285,"The View, 26, North Parade, Llandudno, , GB, Conwy, LL302LP","St Tudno, 14, North Parade, Llandudno, , GB, Conwy, LL302LP",152.2072168348629,0,1,MATCH,False Positive
6817,9155,"The Premier Notting Hill, 5-7, Prince's Square, London, Westminster, W24NP","Kensington Court Hotel Notting Hill, 4, Prince's Square, London, , GB, Westminster, W24NP",12.364925002182614,0,1,MATCH,False Positive
2324,2326,"The Berwick, King Edward Avenue, Blackpool, , United Kingdom, North West, FY29TA","Beauchief Hotel, 48, King Edward Avenue, Blackpool, , United Kingdom, North West, FY29TA",27.50534014914378,0,1,MATCH,False Positive
2324,2325,"The Berwick, King Edward Avenue, Blackpool, , United Kingdom, North West, FY29TA","Sunnymede Private Hotel, 50, King Edward Avenue, Blackpool, , United Kingdom, North West, FY29TA",18.762864827862504,0,1,MATCH,False Positive
2324,2332,"The Berwick, King Edward Avenue, Blackpool, , United Kingdom, North West, FY29TA","Woodleigh Hotel, 32, King Edward Avenue, Blackpool, , United Kingdom, North West, FY29TA",30.33764507556002,0,1,MATCH,False Positive
8681,11325,"Malmaison, 18-21, Charterhouse Square, London, Islington, EC1M6AH","Malmaison Cheltenham, Bayshill Road, Cheltenham, South West, GL503AS",381.9127666064365,1,0,NO_MATCH,False Negative
10260,10259,"Comfotel Grn, 120, Shepherds Bush Road, London, GB","Comfotel Blu, 114, Shepherds Bush Road, London, GB",6.501441717021034,1,0,NO_MATCH,False Negative
7297,7285,"The Wildings Hotel, 14, North Parade, Llandudno, , GB, Conwy, LL302LP","St Tudno, 14, North Parade, Llandudno, , GB, Conwy, LL302LP",16.792068219987513,0,1,MATCH,False Positive
7425,7184,"Pont y Pair Inn, Holyhead Road, Betws y Coed, , GB, Conwy, LL240BN","Dragon Hotel and Restaurant, Holyhead Road, Betws y Coed, , GB, Conwy, LL240BN",347.64973208507917,0,1,MATCH,False Positive
